title,slug,topCategoryName,origin,price_unit
Filets de colin  d'Alaska MSC façon meunière  CARREFOUR LE MARCHE,filets-de-colin-d-alaska-msc-facon-meuniere-carrefour-le-marche,Viandes et Poissons,FRANCE,14.95 € / KG
Pavé de saumon avec peau sans arêtes ASC  FILIERE QUALITE CARREFOUR,pave-de-saumon-avec-peau-sans-aretes-asc-filiere-qualite-carrefour,Viandes et Poissons,NORVÈGE,27.06 € / KG
Pavé de saumon avec peau sans arêtes ASC  FILIERE QUALITE CARREFOUR,pave-de-saumon-avec-peau-sans-aretes-asc-filiere-qualite-carrefour,Viandes et Poissons,NORVÈGE,27.46 € / KG
Sardines Atlantique,sardines-atlantique,Viandes et Poissons,ATLANTIQUE NORD EST,3.89 € / KG
Huîtres Marennes Oléron IGP N°3 FILIERE QUALITE CARREFOUR,huitres-marennes-oleron-igp-n03-filiere-qualite-carrefour,Viandes et Poissons,FRANCE,7.99 € / KG
Filets de colin d'Alaska MSC panés  CARREFOUR LE MARCHE,filets-de-colin-d-alaska-msc-panes-carrefour-le-marche,Viandes et Poissons,FRANCE,14.50 € / KG
Filets de limande du Nord MSC façon meunière  CARREFOUR LE MARCHE,filets-de-limande-du-nord-msc-facon-meuniere-carrefour-le-marche,Viandes et Poissons,FRANCE,16.95 € / KG
Haché au saumon à la ciboulette CARREFOUR CLASSIC',hache-au-saumon-a-la-ciboulette-carrefour-classic,Viandes et Poissons,,10.45 € / KG
Pavé de saumon CARREFOUR BIO,pave-de-saumon-carrefour-bio,Viandes et Poissons,NORVEGE,39.96 € / KG
Filet de saumon ASC CARREFOUR LE MARCHE,filet-de-saumon-asc-carrefour-le-marche,Viandes et Poissons,NORVÈGE,25.98 € / KG
Pavé de saumon ASC FILIERE QUALITE CARREFOUR,pave-de-saumon-asc-filiere-qualite-carrefour,Viandes et Poissons,NORVÈGE,5.79 € / KG
Poêlée de saumon sans peau sans arêtes ASC  FILIERE QUALITE CARREFOUR,poelee-de-saumon-sans-peau-sans-aretes-asc-filiere-qualite-carrefour,Viandes et Poissons,ORIGINE C.E.E.,17.99 € / KG
Crevettes petites CARREFOUR EXTRA,crevettes-petites-carrefour-extra,Viandes et Poissons,,21.20 € / KG
Crevettes décortiquées nature CARREFOUR LE MARCHE,crevettes-decortiquees-nature-carrefour-le-marche,Viandes et Poissons,FRANCE,35.90 € / KG
Crevettes Jumbo décortiquées CARREFOUR EXTRA,crevettes-jumbo-decortiquees-carrefour-extra,Viandes et Poissons,,36.90 € / KG
Crevettes cuites Bio de Madagascar,crevettes-cuites-bio-de-madagascar,Bio et Ecologie,MADAGASCAR,9.97 € / KG
Emincés de saumon sans arêtes FILIERE QUALITE CARREFOUR,eminces-de-saumon-sans-aretes-filiere-qualite-carrefour,Viandes et Poissons,ZONES DE CAPTURE MAREE (DIVERS),51.93 € / KG
Bar d'élevage vidé et écaillé,bar-d-elevage-vide-et-ecaille,Viandes et Poissons,GRECE,4.79 € / KG
Bar entier,bar-entier,Viandes et Poissons,GRECE,6.64 € / KG
Brochette de saumon et St Jacques aux agrumes,brochette-de-saumon-et-st-jacques-aux-agrumes,Viandes et Poissons,FRANCE,4.49 € / U
Brochettes de saumon et cabillaud marinées provençale,brochettes-de-saumon-et-cabillaud-marinees-provencale,Viandes et Poissons,FRANCE,5.00 € / U
Brochettes crevettes Tex Mex CARREFOUR LE MARCHE,brochettes-crevettes-tex-mex-carrefour-le-marche,Viandes et Poissons,FRANCE,39.92 € / KG
Brochettes crevettes sauce provençale CARREFOUR LE MARCHE,brochettes-crevettes-sauce-provencale-carrefour-le-marche,Viandes et Poissons,FRANCE,39.92 € / KG
Carrelet,carrelet,Viandes et Poissons,ATLANTIQUE NORD EST,3.89 € / KG
Chinchard vidé et écaillé,chinchard-vide-et-ecaille,Viandes et Poissons,ATLANTIQUE NORD EST,2.49 € / KG
Daurade grise vidée et écaillée,daurade-grise-videe-et-ecaillee,Viandes et Poissons,ATLANTIQUE NORD EST,4.19 € / KG
Daurade royale vidée et écaillée,daurade-royale-videe-et-ecaillee,Viandes et Poissons,GRECE,5.39 € / KG
Daurade royale vidée et écaillée FILIERE QUALITE CARREFOUR,daurade-royale-videe-et-ecaillee-filiere-qualite-carrefour,Viandes et Poissons,FRANCE,11.39 € / KG
Dorade entière vidée,dorade-entiere-videe,Viandes et Poissons,GRECE,7.69 € / KG
Dorade grise vidée et écaillée,dorade-grise-videe-et-ecaillee,Viandes et Poissons,ZONES DE CAPTURE MAREE (DIVERS),4.19 € / KG
Dos Cabillaud,dos-cabillaud,Viandes et Poissons,FRANCE,26.99 € / KG
Filet de lieu noir MSC,filet-de-lieu-noir-msc,Viandes et Poissons,ATLANTIQUE NORD EST,6.74 € / KG
Merlan entier vidé et écaillé,merlan-entier-vide-et-ecaille,Viandes et Poissons,ATLANTIQUE NORD EST,1.62 € / KG
Queue de lotte,queue-de-lotte,Viandes et Poissons,ATLANTIQUE NORD EST,17.49 € / KG
Tranche de congre,tranche-de-congre,Viandes et Poissons,ATLANTIQUE NORD EST,1.79 € / KG
Truite FILIERE QUALITE CARREFOUR,truite-filiere-qualite-carrefour,Viandes et Poissons,ZONES DE CAPTURE MAREE (DIVERS),17.65 € / U
Truite en filet,truite-en-filet,Viandes et Poissons,FRANCE,4.99 € / KG
Croques saumon MAISON BRIAU,croques-saumon-maison-briau,Charcuterie et Traiteur,FRANCE,16.22 € / KG
Cabillaud prêt à poêler huile d'olive basilic  CAP OCEAN,cabillaud-pret-a-poeler-huile-d-olive-basilic-cap-ocean,Viandes et Poissons,,12.35 € / KG
Acras de morue MAISON BRIAU,acras-de-morue-maison-briau,Viandes et Poissons,FRANCE,18.45 € / KG
Burger de saumon préparé aux couteaux MOWI,burger-de-saumon-prepare-aux-couteaux-mowi,Viandes et Poissons,NORVÈGE,37.45 € / KG
Colin  d'Alaska MSC panés  CARREFOUR LE MARCHE,colin-d-alaska-msc-panes-carrefour-le-marche,Viandes et Poissons,FRANCE,11.98 € / KG
Cordons bleu de poisson ASSIETTE BLEUE,cordons-bleu-de-poisson-assiette-bleue,Viandes et Poissons,FRANCE,19.95 € / KG
Croques  baby MSC fromage panés  CARREFOUR LE MARCHE,croques-baby-msc-fromage-panes-carrefour-le-marche,Viandes et Poissons,FRANCE,12.45 € / KG
Croustillant de Cabillaud Saveur Meridionale,croustillant-de-cabillaud-saveur-meridionale,Viandes et Poissons,FRANCE,24.95 € / KG
Croustillant de St Jacques et Fondue de Poireaux,croustillant-de-st-jacques-et-fondue-de-poireaux,Viandes et Poissons,FRANCE,29.95 € / KG
Croustillants cabillaud citron et basilic CITE MARINE,croustillants-cabillaud-citron-et-basilic-cite-marine,Viandes et Poissons,FRANCE,17.45 € / KG
Filet de Limande façon meunière,filet-de-limande-facon-meuniere,Viandes et Poissons,,18.55 € / KG
Filet de limande  façon meunière MAISON BRIAU,filet-de-limande-facon-meuniere-maison-briau,Viandes et Poissons,FRANCE,18.72 € / KG
Filet de Maquereaux cuits et fermes au poivre noir FOURNIER FILS,filet-de-maquereaux-cuits-et-fermes-au-poivre-noir-fournier-fils,Viandes et Poissons,FRANCE,24.95 € / KG
Filet de Merlu Panure au Graines,filet-de-merlu-panure-au-graines,Viandes et Poissons,FRANCE,22.88 € / KG
Filets de hareng fumés BOURGAIN,filets-de-hareng-fumes-bourgain,Viandes et Poissons,FRANCE,15.00 € / KG
Filets de limande du Nord MSC façon meunière  CARREFOUR LE MARCHE,filets-de-limande-du-nord-msc-facon-meuniere-carrefour-le-marche,Viandes et Poissons,FRANCE,16.22 € / KG
Filets de maquereau fumés au poivre DELPIERRE,filets-de-maquereau-fumes-au-poivre-delpierre,Viandes et Poissons,,21.27 € / KG
Lieu  MSC façon Fish & Chips  CARREFOUR LE MARCHE,lieu-msc-facon-fish-chips-carrefour-le-marche,Viandes et Poissons,FRANCE,17.48 € / KG
Lieu  MSC façon Fish & Chips  CARREFOUR LE MARCHE,lieu-msc-facon-fish-chips-carrefour-le-marche,Viandes et Poissons,FRANCE,20.00 € / KG
Nuggets Poisson CARREFOUR LE MARCHE,nuggets-poisson-carrefour-le-marche,Viandes et Poissons,ATLANTIQUE NORD EST,12.50 € / KG
Nuggets de colin d'Alaska ASSIETTE BLEUE,nuggets-de-colin-d-alaska-assiette-bleue,Viandes et Poissons,,21.94 € / KG
Panés au poisson SIMPL,panes-au-poisson-simpl,Viandes et Poissons,FRANCE,8.99 € / KG
Panés au poisson SIMPL,panes-au-poisson-simpl,Viandes et Poissons,FRANCE,9.95 € / KG
Petits poissons frits,petits-poissons-frits,Viandes et Poissons,ITALIE,35.75 € / KG
Plat préparé croque cabillaud MAISON BRIAU,plat-prepare-croque-cabillaud-maison-briau,Viandes et Poissons,FRANCE,16.22 € / KG
Poisson préparé les croustillants de limande MSC MAISON BRIAU,poisson-prepare-les-croustillants-de-limande-msc-maison-briau,Viandes et Poissons,FRANCE,18.89 € / KG
P'tits Croustis Cabillaud et Pommes de terre,p-tits-croustis-cabillaud-et-pommes-de-terre,Surgelés,,19.75 € / KG
"Queues de crevettes cuites, réfrigérées CITE MARINE",queues-de-crevettes-cuites-refrigerees-cite-marine,Viandes et Poissons,FRANCE,33.27 € / KG
Rôti farci saumon et St-Jacques CARREFOUR LE MARCHE,roti-farci-saumon-et-st-jacques-carrefour-le-marche,Viandes et Poissons,FRANCE,32.42 € / KG
Saumon au curry,saumon-au-curry,Viandes et Poissons,NORVÈGE,22.63 € / KG
Tartare de saumon asperges vertes et câpres  CARREFOUR LE MARCHE,tartare-de-saumon-asperges-vertes-et-capres-carrefour-le-marche,Viandes et Poissons,FRANCE,53.06 € / KG
Pavé de saumon bio avec peau s/arêtes CARREFOUR BIO,pave-de-saumon-bio-avec-peau-s-aretes-carrefour-bio,Viandes et Poissons,IRLANDE,45.52 € / KG
Filets de saumon sauvage salé DELPIERRE,filets-de-saumon-sauvage-sale-delpierre,Viandes et Poissons,ZONES DE CAPTURE MAREE (DIVERS),37.46 € / KG
Pavés de saumon avec peau sans arête,paves-de-saumon-avec-peau-sans-arete,Viandes et Poissons,ROYAUME-UNI,35.96 € / KG
Pavés de saumon barbecue,paves-de-saumon-barbecue,Viandes et Poissons,NORVÈGE,43.46 € / KG
Pavés de saumon marinés à la provençale,paves-de-saumon-marines-a-la-provencale,Viandes et Poissons,NORVÈGE,45.41 € / KG
Pavés de saumon fumé Traiteur trois poivre baie Sichuan,paves-de-saumon-fume-traiteur-trois-poivre-baie-sichuan,Viandes et Poissons,NORVÈGE,45.41 € / KG
Pavé de saumon ASC FILIERE QUALITE CARREFOUR,pave-de-saumon-asc-filiere-qualite-carrefour,Viandes et Poissons,NORVEGE,4.47 € / KG
Pavé de saumon ASC FILIERE QUALITE CARREFOUR,pave-de-saumon-asc-filiere-qualite-carrefour,Viandes et Poissons,FRANCE,4.50 € / U
Pavé de saumon avec peau sans arêtes ASC  FILIERE QUALITE CARREFOUR,pave-de-saumon-avec-peau-sans-aretes-asc-filiere-qualite-carrefour,Viandes et Poissons,NORVÈGE,29.08 € / KG
Pavé de saumon avec peau s/arête SIMPL,pave-de-saumon-avec-peau-s-arete-simpl,Viandes et Poissons,NORVÈGE,24.05 € / KG
Pavé de saumon légèrement fumé et sa couverture d'herbes,pave-de-saumon-legerement-fume-et-sa-couverture-d-herbes,Viandes et Poissons,NORVÈGE,45.41 € / KG
Pavés de truite CARREFOUR BIO,paves-de-truite-carrefour-bio,Viandes et Poissons,FRANCE,39.96 € / KG
Pavés de truite avec peau désarêtés CARREFOUR LE MARCHE,paves-de-truite-avec-peau-desaretes-carrefour-le-marche,Viandes et Poissons,ZONES DE CAPTURE MAREE (DIVERS),25.98 € / KG
Pavés de truite avec peau désarêtés  FILIERE QUALITE CARREFOUR,paves-de-truite-avec-peau-desaretes-filiere-qualite-carrefour,Viandes et Poissons,FRANCE,27.96 € / KG
Filet de truite FILIERE QUALITE CARREFOUR,filet-de-truite-filiere-qualite-carrefour,Viandes et Poissons,FRANCE,4.49 € / KG
Dos de cabillaud MSC CARREFOUR LE MARCHE,dos-de-cabillaud-msc-carrefour-le-marche,Viandes et Poissons,ATLANTIQUE NORD EST,29.18 € / KG
Dos de cabillaud,dos-de-cabillaud,Viandes et Poissons,NORVÈGE,5.99 € / KG
Dos de cabillaud sans arêtes,dos-de-cabillaud-sans-aretes,Viandes et Poissons,ESPAGNE,8.09 € / KG
Dos de cabillaud MSC amandes pistaches basilic DELPIERRE,dos-de-cabillaud-msc-amandes-pistaches-basilic-delpierre,Viandes et Poissons,ZONES DE CAPTURE MAREE (DIVERS),37.47 € / KG
Filet de cabillaud CARREFOUR LE MARCHE,filet-de-cabillaud-carrefour-le-marche,Viandes et Poissons,ZONES DE CAPTURE MAREE (DIVERS),25.98 € / KG
Filet de cabillaud sans arêtes,filet-de-cabillaud-sans-aretes,Viandes et Poissons,ESPAGNE,7.19 € / KG
Filet de cabillaud sans peau et sans arête SIMPL,filet-de-cabillaud-sans-peau-et-sans-arete-simpl,Viandes et Poissons,ATLANTIQUE NORD EST,23.95 € / KG
Filet de Cabillaud,filet-de-cabillaud,Viandes et Poissons,ATLANTIQUE NORD EST,6.37 € / KG
Pavés cabillaud sans arêtes MSC  CARREFOUR LE MARCHE,paves-cabillaud-sans-aretes-msc-carrefour-le-marche,Viandes et Poissons,ATLANTIQUE NORD EST,29.16 € / KG
Filets de cabillaud façon fish & chips CARREFOUR LE MARCHE,filets-de-cabillaud-facon-fish-chips-carrefour-le-marche,Viandes et Poissons,FRANCE,19.95 € / KG
Cabillaud en tranche,cabillaud-en-tranche,Viandes et Poissons,ATLANTIQUE NORD EST,5.19 € / KG
Bar d'élevage vidé et écaillé,bar-d-elevage-vide-et-ecaille,Viandes et Poissons,GRECE,4.00 € / U
Brochette d'encornet géant marinée façon maître d'hôtel,brochette-d-encornet-geant-marinee-facon-maitre-d-hotel,Viandes et Poissons,FRANCE,3.49 € / U
Brochette de saumon marinée provençale,brochette-de-saumon-marinee-provencale,Viandes et Poissons,FRANCE,5.59 € / KG
Brochettes de thon et encornet marinées provençale,brochettes-de-thon-et-encornet-marinees-provencale,Viandes et Poissons,FRANCE,4.00 € / U
Carpaccio de saumon nature CARREFOUR LE MARCHE,carpaccio-de-saumon-nature-carrefour-le-marche,Viandes et Poissons,FRANCE,58.25 € / KG
Carrelet,carrelet,Viandes et Poissons,ATLANTIQUE NORD EST,3.50 € / U
Ceviche de thon blanc,ceviche-de-thon-blanc,Viandes et Poissons,OCEAN PACIFIQUE,34.60 € / KG
Cœur de filet de saumon gravlax,coeur-de-filet-de-saumon-gravlax,Viandes et Poissons,FRANCE,73.27 € / KG
Cœur de filet de saumon fumé de Norvège,coeur-de-filet-de-saumon-fume-de-norvege,Viandes et Poissons,FRANCE,66.60 € / KG
Cœur de saumon ASC FILIERE QUALITE CARREFOUR,coeur-de-saumon-asc-filiere-qualite-carrefour,Viandes et Poissons,NORVÈGE,7.79 € / KG
Cœur de saumon sans peau sans arêtes ASC  FILIERE QUALITE CARREFOUR,coeur-de-saumon-sans-peau-sans-aretes-asc-filiere-qualite-carrefour,Viandes et Poissons,ZONES DE CAPTURE MAREE (DIVERS),8.99 € / KG
Darne de saumon ASC FILIERE QUALITE CARREFOUR,darne-de-saumon-asc-filiere-qualite-carrefour,Viandes et Poissons,ZONES DE CAPTURE MAREE (DIVERS),5.99 € / KG
Darnes de saumon avec peau CARREFOUR LE MARCHE,darnes-de-saumon-avec-peau-carrefour-le-marche,Viandes et Poissons,NORVÈGE,16.67 € / KG
Daurade Royale vidée et écaillée,daurade-royale-videe-et-ecaillee,Viandes et Poissons,GRECE,4.00 € / U
Daurade vidée écaillée,daurade-videe-ecaillee,Viandes et Poissons,ESPAGNE,6.45 € / KG
Dos de cabillaud  sans arête MSC  FILIERE QUALITE CARREFOUR,dos-de-cabillaud-sans-arete-msc-filiere-qualite-carrefour,Viandes et Poissons,ATLANTIQUE NORD EST,8.63 € / KG
Dos d'Eglefin sans peau,dos-d-eglefin-sans-peau,Viandes et Poissons,ATLANTIQUE NORD EST,6.29 € / KG
Dos d'églefin,dos-d-eglefin,Viandes et Poissons,ATLANTIQUE NORD EST,8.09 € / KG
Dos de Lieu noir,dos-de-lieu-noir,Viandes et Poissons,ATLANTIQUE NORD EST,15.49 € / KG
Dos de lieu noir MSC,dos-de-lieu-noir-msc,Viandes et Poissons,ATLANTIQUE NORD EST,15.49 € / KG
Dos de lieu noir  sans arêtes MSC  CARREFOUR LE MARCHE,dos-de-lieu-noir-sans-aretes-msc-carrefour-le-marche,Viandes et Poissons,ATLANTIQUE NORD EST,19.96 € / KG
Emincé de flétan fumé FOURNIER ET FILS,emince-de-fletan-fume-fournier-et-fils,Viandes et Poissons,FRANCE,74.90 € / KG
Emincés de saumon à l'aneth CARREFOUR LE MARCHE,eminces-de-saumon-a-l-aneth-carrefour-le-marche,Viandes et Poissons,FRANCE,57.42 € / KG
Escalopes de saumon,escalopes-de-saumon,Viandes et Poissons,NORVÈGE,8.69 € / KG
Filet de lieu noir MSC CARREFOUR LE MARCHE,filet-de-lieu-noir-msc-carrefour-le-marche,Viandes et Poissons,ATLANTIQUE NORD EST,18.18 € / KG
Filet d'Eglefin CARREFOUR,filet-d-eglefin-carrefour,Viandes et Poissons,ATLANTIQUE NORD EST,20.00 € / KG
Filet de Tacaud CARREFOUR,filet-de-tacaud-carrefour,Viandes et Poissons,ATLANTIQUE NORD EST,20.00 € / KG
Filet de cabillaud,filet-de-cabillaud,Viandes et Poissons,NORVÈGE,16.00 € / U
Filet de carrelet,filet-de-carrelet,Viandes et Poissons,ATLANTIQUE NORD EST,5.99 € / KG
Filet de dorade Sebaste MSC,filet-de-dorade-sebaste-msc,Viandes et Poissons,ISLANDE,5.37 € / KG
Filet d'églefin,filet-d-eglefin,Viandes et Poissons,ESPAGNE,4.79 € / KG
Filet d'Eglefin,filet-d-eglefin,Viandes et Poissons,ATLANTIQUE NORD EST,4.99 € / KG
Filet d'eglefin,filet-d-eglefin,Viandes et Poissons,ATLANTIQUE NORD EST,20.00 € / KG
Filet de julienne prêt à cuisiner,filet-de-julienne-pret-a-cuisiner,Viandes et Poissons,ESPAGNE,4.59 € / KG
Filet de lieu noir,filet-de-lieu-noir,Viandes et Poissons,ATLANTIQUE NORD EST,17.18 € / KG
Filet de lieu noir,filet-de-lieu-noir,Viandes et Poissons,ESPAGNE,3.79 € / KG
Filet de maquereau Pavillon de France,filet-de-maquereau-pavillon-de-france,Viandes et Poissons,ATLANTIQUE NORD EST,21.96 € / KG
Filet de merlan CARREFOUR LE MARCHE,filet-de-merlan-carrefour-le-marche,Viandes et Poissons,ATLANTIQUE NORD EST,23.98 € / KG
Filet de merlan sans arête CARREFOUR LE MARCHE,filet-de-merlan-sans-arete-carrefour-le-marche,Viandes et Poissons,ATLANTIQUE NORD EST,25.00 € / KG
Filet de merlan,filet-de-merlan,Viandes et Poissons,ATLANTIQUE NORD EST,4.99 € / KG
Filet de merlan,filet-de-merlan,Viandes et Poissons,FRANCE,4.99 € / KG
Filet de merlu,filet-de-merlu,Viandes et Poissons,ATLANTIQUE NORD EST,6.89 € / KG
Filet de Morue salée,filet-de-morue-salee,Viandes et Poissons,ATLANTIQUE NORD EST,11.49 € / KG
Filet de morue dessalée GAYTAN,filet-de-morue-dessalee-gaytan,Viandes et Poissons,ISLANDE,34.97 € / KG
Filet de perche du nil,filet-de-perche-du-nil,Viandes et Poissons,OUGANDA,11.39 € / KG
Filet de queue de cabillaud,filet-de-queue-de-cabillaud,Viandes et Poissons,ATLANTIQUE NORD EST,5.99 € / KG
Filet de rouget,filet-de-rouget,Viandes et Poissons,ATLANTIQUE NORD EST,6.49 € / KG
Filet de Rouget barbet,filet-de-rouget-barbet,Viandes et Poissons,ATLANTIQUE NORD EST,37.45 € / KG
Filet de Sébaste MSC  CARREFOUR LE MARCHE,filet-de-sebaste-msc-carrefour-le-marche,Viandes et Poissons,ATLANTIQUE NORD EST,28.29 € / KG
Filet de tacaud,filet-de-tacaud,Viandes et Poissons,ATLANTIQUE NORD EST,3.89 € / KG
Filet de Tacaud sans arêtes,filet-de-tacaud-sans-aretes,Viandes et Poissons,ATLANTIQUE NORD EST,20.00 € / KG
Filet de truite  avec peau  FILIERE QUALITE CARREFOUR,filet-de-truite-avec-peau-filiere-qualite-carrefour,Viandes et Poissons,FRANCE,25.86 € / KG
Filets d'anchois allongés à l'huile d'olive BELMONTE,filets-d-anchois-allonges-a-l-huile-d-olive-belmonte,Viandes et Poissons,,39.67 € / KG
Filets de bar avec peau sans arêtes SACRE BLEU!,filets-de-bar-avec-peau-sans-aretes-sacre-bleu,Viandes et Poissons,GRECE,33.28 € / KG
Filets de Merlu,filets-de-merlu,Viandes et Poissons,NAMIBIE,7.49 € / KG
Filets de morue  salée  CARREFOUR LE MARCHE,filets-de-morue-salee-carrefour-le-marche,Viandes et Poissons,ZONES DE CAPTURE MAREE (DIVERS),24.98 € / KG
Filets de morue sans dessalage DELPIERRE,filets-de-morue-sans-dessalage-delpierre,Viandes et Poissons,ZONES DE CAPTURE MAREE (DIVERS),38.76 € / KG
Filets de truite avec peau SIMPL,filets-de-truite-avec-peau-simpl,Viandes et Poissons,FRANCE,19.23 € / KG
Haché de saumon nature sans arêtes SACREBLEU,hache-de-saumon-nature-sans-aretes-sacrebleu,Viandes et Poissons,NORVÈGE,22.50 € / KG
Haché de lieu noir nature CARREFOUR LE MARCHE,hache-de-lieu-noir-nature-carrefour-le-marche,Viandes et Poissons,ATLANTIQUE NORD EST,11.11 € / KG
Lieu  jaune en tranche,lieu-jaune-en-tranche,Viandes et Poissons,ATLANTIQUE NORD EST,4.99 € / KG
Longe de thon albacore saumurée,longe-de-thon-albacore-saumuree,Viandes et Poissons,OCEAN PACIFIQUE,11.99 € / KG
Maquereau,maquereau,Viandes et Poissons,FRANCE,3.59 € / KG
Miettes de morue salée MSC  CARREFOUR LE MARCHE,miettes-de-morue-salee-msc-carrefour-le-marche,Viandes et Poissons,ZONES DE CAPTURE MAREE (DIVERS),21.72 € / KG
Miettes de morue dessalée CARREFOUR LE MARCHE,miettes-de-morue-dessalee-carrefour-le-marche,Viandes et Poissons,ISLANDE,23.97 € / KG
Morceaux de lieu noir SIMPL,morceaux-de-lieu-noir-simpl,Viandes et Poissons,FRANCE,11.98 € / KG
Morceaux  de cabillaud SIMPL,morceaux-de-cabillaud-simpl,Viandes et Poissons,FRANCE,15.18 € / KG
Morceaux de saumon avec peau,morceaux-de-saumon-avec-peau,Viandes et Poissons,NORVÈGE,6.79 € / KG
Morue dessalée morceaux GAYTAN,morue-dessalee-morceaux-gaytan,Viandes et Poissons,ISLANDE,19.98 € / KG
Moules cuites décortiquées  ITSALUZ NUCHAR,moules-cuites-decortiquees-itsaluz-nuchar,Viandes et Poissons,ESPAGNE,24.95 € / KG
Pavé de saumon et rondelle d'orange,pave-de-saumon-et-rondelle-d-orange,Viandes et Poissons,NORVÈGE,47.88 € / KG
Pavé de thon CRIEE DES SAVEURS,pave-de-thon-criee-des-saveurs,Viandes et Poissons,FRANCE,29.92 € / KG
Pavés de Truite et Pomme de Terre Grenailles avec Sauce,paves-de-truite-et-pomme-de-terre-grenailles-avec-sauce,Viandes et Poissons,FRANCE,16.65 € / KG
Sardine Méditerranée vrac,sardine-mediterranee-vrac,Viandes et Poissons,ATLANTIQUE NORD EST,5.39 € / KG
Saumon mi-cuit aux épices Thaï MOWI,saumon-mi-cuit-aux-epices-thai-mowi,Viandes et Poissons,FRANCE,45.41 € / KG
Saumonette de Roussette,saumonette-de-roussette,Viandes et Poissons,ATLANTIQUE NORD EST,2.99 € / KG
Saumon fumé  thym et citron  MOWI,saumon-fume-thym-et-citron-mowi,Viandes et Poissons,FRANCE,45.41 € / KG
Sole,sole,Viandes et Poissons,ATLANTIQUE NORD EST,8.69 € / KG
Têtes de saumon,tetes-de-saumon,Viandes et Poissons,NORVÈGE,3.79 € / KG
Thon en tranche Albacore,thon-en-tranche-albacore,Viandes et Poissons,ATLANTIQUE OCEAN INDIEN,8.09 € / KG
Tranche de lieu noir,tranche-de-lieu-noir,Viandes et Poissons,ATLANTIQUE NORD EST,2.71 € / KG
Tranche de longe d'espadon décongelée,tranche-de-longe-d-espadon-decongelee,Viandes et Poissons,ATLANTIQUE OCEAN INDIEN,7.49 € / KG
Tranche de thon Albacore décongelée,tranche-de-thon-albacore-decongelee,Viandes et Poissons,ATLANTIQUE OCEAN INDIEN,8.09 € / KG
Truites roses vidées  FILIERE QUALITE CARREFOUR,truites-roses-videes-filiere-qualite-carrefour,Viandes et Poissons,ZONES DE CAPTURE MAREE (DIVERS),17.48 € / KG
Crevettes Bio entières cuites CARREFOUR BIO,crevettes-bio-entieres-cuites-carrefour-bio,Viandes et Poissons,EQUATEUR,16.67 € / KG
Crevettes cuites Bio,crevettes-cuites-bio,Bio et Ecologie,EQUATEUR,5.66 € / KG
Crevettes  Bio décortiquées  PALAIS DES METS,crevettes-bio-decortiquees-palais-des-mets,Viandes et Poissons,,62.17 € / KG
Crevettes bio nature L'ASSIETTE BLEUE,crevettes-bio-nature-l-assiette-bleue,Viandes et Poissons,,50.50 € / KG
Gambas bio décortiquées cuites CARREFOUR BIO,gambas-bio-decortiquees-cuites-carrefour-bio,Viandes et Poissons,FRANCE,56.90 € / KG
Araignée cuite,araignee-cuite,Viandes et Poissons,ATLANTIQUE NORD EST,11.18 € / KG
Brochettes crevettes ail et persil CARREFOUR LE MARCHE,brochettes-crevettes-ail-et-persil-carrefour-le-marche,Viandes et Poissons,FRANCE,39.92 € / KG
Chair d'écrevisses PALAIS DES METS,chair-d-ecrevisses-palais-des-mets,Viandes et Poissons,,56.80 € / KG
Couronne de Crevettes Sauce Curry Mangue,couronne-de-crevettes-sauce-curry-mangue,Viandes et Poissons,FRANCE,36.82 € / KG
Couronne de crevettes sauce cocktail DELPIERRE,couronne-de-crevettes-sauce-cocktail-delpierre,Viandes et Poissons,ZONES DE CAPTURE MAREE (DIVERS),44.54 € / KG
Couronne de crevettes sauce fines herbes DELPIERRE,couronne-de-crevettes-sauce-fines-herbes-delpierre,Viandes et Poissons,ORIGINE PAYS TIERS,44.54 € / KG
Crevettes cuites de Madagascar 40/60 ASC FILIERE QUALITE CARREFOUR,crevettes-cuites-de-madagascar-40-60-asc-filiere-qualite-carrefour,Viandes et Poissons,MADAGASCAR,9.97 € / KG
Crevettes entières cuite ASC CARREFOUR LE MARCHE,crevettes-entieres-cuite-asc-carrefour-le-marche,Viandes et Poissons,EQUATEUR,9.98 € / KG
Crevettes entières ASC  CARREFOUR LE MARCHE,crevettes-entieres-asc-carrefour-le-marche,Viandes et Poissons,EQUATEUR,12.50 € / KG
Crevettes entières cuites ASC CARREFOUR LE MARCHE,crevettes-entieres-cuites-asc-carrefour-le-marche,Viandes et Poissons,EQUATEUR,14.98 € / KG
Crevettes entières cuites ASC 20/30 CARREFOUR LE MARCHE,crevettes-entieres-cuites-asc-20-30-carrefour-le-marche,Viandes et Poissons,EQUATEUR,19.97 € / KG
Crevettes de Madagascar CARREFOUR LE MARCHE,crevettes-de-madagascar-carrefour-le-marche,Viandes et Poissons,MADAGASCAR,24.97 € / KG
Crevettes entières LR FILIERE QUALITE CARREFOUR,crevettes-entieres-lr-filiere-qualite-carrefour,Viandes et Poissons,MADAGASCAR,33.96 € / KG
Crevettes nordiques décortiquées CARREFOUR EXTRA,crevettes-nordiques-decortiquees-carrefour-extra,Viandes et Poissons,,38.78 € / KG
Crevettes décortiquées à l'ail et persil CARREFOUR LE MARCHE,crevettes-decortiquees-a-l-ail-et-persil-carrefour-le-marche,Viandes et Poissons,FRANCE,39.90 € / KG
Crevettes décortiquées de Madagascar ASC  FILIERE QUALITE CARREFOUR,crevettes-decortiquees-de-madagascar-asc-filiere-qualite-carrefour,Viandes et Poissons,FRANCE,59.90 € / KG
Crevettes cuites 25/35 ASC,crevettes-cuites-25-35-asc,Viandes et Poissons,FRANCE,9.00 € / KG
Crevettes cuites 80/120 ASC,crevettes-cuites-80-120-asc,Viandes et Poissons,EQUATEUR,2.67 € / KG
Crevettes cuites 30/50 ASC,crevettes-cuites-30-50-asc,Viandes et Poissons,EQUATEUR,4.35 € / KG
Crevettes sauvage cuite U10,crevettes-sauvage-cuite-u10,Viandes et Poissons,ATLANTIQUE CENTRE EST,5.69 € / KG
Crevettes cuites 60/80 ASC,crevettes-cuites-60-80-asc,Viandes et Poissons,ZONES DE CAPTURE MAREE (DIVERS),9.79 € / KG
Crevettes nature décortiquées cuites L'ASSIETTE BLEUE,crevettes-nature-decortiquees-cuites-l-assiette-bleue,Viandes et Poissons,,32.45 € / KG
Crevettes décortiquées DELPIERRE,crevettes-decortiquees-delpierre,Viandes et Poissons,FRANCE,38.83 € / KG
Crevettes nature décortiquées cuites L'ASSIETTE BLEUE,crevettes-nature-decortiquees-cuites-l-assiette-bleue,Viandes et Poissons,,39.90 € / KG
Crevettes sauce asiatique DELPIERRE,crevettes-sauce-asiatique-delpierre,Viandes et Poissons,FRANCE,44.54 € / KG
Crevettes Jumbo tigrées décortiquées PALAIS DES METS,crevettes-jumbo-tigrees-decortiquees-palais-des-mets,Viandes et Poissons,,54.30 € / KG
Crevettes cuites,crevettes-cuites,Viandes et Poissons,EQUATEUR,15.78 € / KG
Crevettes grises cuites,crevettes-grises-cuites,Viandes et Poissons,ATLANTIQUE NORD EST,2.89 € / KG
Crevettes qualité extra dégustation DELPIERRE,crevettes-qualite-extra-degustation-delpierre,Viandes et Poissons,EQUATEUR,47.07 € / KG
Demi tourteau cuit,demi-tourteau-cuit,Viandes et Poissons,ATLANTIQUE NORD EST,24.98 € / KG
"Fruits de mer demi tourteau, crevettes, bulots",fruits-de-mer-demi-tourteau-crevettes-bulots,Viandes et Poissons,FRANCE,19.99 € / KG
Gambas cuites et décortiquées CARREFOUR EXTRA,gambas-cuites-et-decortiquees-carrefour-extra,Viandes et Poissons,,35.90 € / KG
Gambas crues ASC  CARREFOUR LE MARCHE,gambas-crues-asc-carrefour-le-marche,Viandes et Poissons,EQUATEUR,17.48 € / KG
Gambas decortiquées DELPIERRE,gambas-decortiquees-delpierre,Viandes et Poissons,FRANCE,48.45 € / KG
Gambas décortiquées PALAIS DES METS,gambas-decortiquees-palais-des-mets,Viandes et Poissons,,55.63 € / KG
Langoustine cuite 16/20,langoustine-cuite-16-20,Viandes et Poissons,ATLANTIQUE NORD EST,12.21 € / KG
Langoustines entières cuites,langoustines-entieres-cuites,Viandes et Poissons,ATLANTIQUE NORD EST,32.48 € / KG
Langoustines  DELPIERRE,langoustines-delpierre,Viandes et Poissons,ATLANTIQUE NORD EST,34.95 € / KG
Noix de Saint Jacques sans corail beurre truffé CRUSTA C,noix-de-saint-jacques-sans-corail-beurre-truffe-crusta-c,Viandes et Poissons,ATLANTIQUE NORD EST,61.06 € / KG
Noix de St Jacques Coraillées,noix-de-st-jacques-coraillees,Viandes et Poissons,FRANCE,64.95 € / KG
Pince de tourteau cuit,pince-de-tourteau-cuit,Viandes et Poissons,ATLANTIQUE NORD EST,7.17 € / KG
Pinces de tourteaux cuites,pinces-de-tourteaux-cuites,Viandes et Poissons,ATLANTIQUE NORD EST,29.98 € / KG
Queues de crevettes ASC  CARREFOUR LE MARCHE,queues-de-crevettes-asc-carrefour-le-marche,Viandes et Poissons,VENEZUELA,18.30 € / KG
Queues de crevettes  natures décortiquées ASC  CARREFOUR LE MARCHE,queues-de-crevettes-natures-decortiquees-asc-carrefour-le-marche,Viandes et Poissons,FRANCE,30.76 € / KG
Queues de crevettes  natures décortiquées ASC  CARREFOUR LE MARCHE,queues-de-crevettes-natures-decortiquees-asc-carrefour-le-marche,Viandes et Poissons,FRANCE,33.33 € / KG
Queues de crevettes à la provençale DELPIERRE,queues-de-crevettes-a-la-provencale-delpierre,Viandes et Poissons,FRANCE,29.95 € / KG
Queues de crevettes sauvages DELPIERRE,queues-de-crevettes-sauvages-delpierre,Viandes et Poissons,FRANCE,32.45 € / KG
Queues de gambas ASC ail et persil DELPIERRE,queues-de-gambas-asc-ail-et-persil-delpierre,Viandes et Poissons,ZONES DE CAPTURE MAREE (DIVERS),29.95 € / KG
Tourteau cuit,tourteau-cuit,Viandes et Poissons,ATLANTIQUE NORD EST,11.10 € / KG
Tourteau cuit 400/600,tourteau-cuit-400-600,Viandes et Poissons,ATLANTIQUE NORD EST,22.48 € / KG
Amandes vivantes,amandes-vivantes,Viandes et Poissons,FRANCE,10.72 € / KG
Anneaux d'encornet Géant,anneaux-d-encornet-geant,Viandes et Poissons,PEROU,20.63 € / KG
Bigorneau cuit,bigorneau-cuit,Viandes et Poissons,ATLANTIQUE NORD EST,1.79 € / KG
Bulot cuit,bulot-cuit,Viandes et Poissons,ATLANTIQUE NORD EST,5.75 € / KG
Bulots MSC FILIERE QUALITE CARREFOUR,bulots-msc-filiere-qualite-carrefour,Viandes et Poissons,ATLANTIQUE NORD EST,5.95 € / KG
Bulots  cuits MSC  CARREFOUR LE MARCHE,bulots-cuits-msc-carrefour-le-marche,Viandes et Poissons,ATLANTIQUE NORD EST,13.98 € / KG
Bulots cuits SIMPL,bulots-cuits-simpl,Viandes et Poissons,ATLANTIQUE NORD EST,9.18 € / KG
Calamars à l'encre LA COCA,calamars-a-l-encre-la-coca,Viandes et Poissons,,25.00 € / KG
Calamars Américaine  LA COCA,calamars-americaine-la-coca,Viandes et Poissons,,28.39 € / KG
Cocotte de Moules Française Cuisinées à la Crème d'Isigny,cocotte-de-moules-francaise-cuisinees-a-la-creme-d-isigny,Viandes et Poissons,FRANCE,11.98 € / KG
Cocotte de Moules Françaises Cuisinées à la Marinière,cocotte-de-moules-francaises-cuisinees-a-la-mariniere,Viandes et Poissons,FRANCE,11.98 € / KG
Coques vivantes,coques-vivantes,Viandes et Poissons,FRANCE,16.22 € / KG
Coques et amandes vivantes,coques-et-amandes-vivantes,Viandes et Poissons,FRANCE,11.98 € / KG
Encornet en lamelles saumurés décongelés,encornet-en-lamelles-saumures-decongeles,Viandes et Poissons,OCEAN PACIFIQUE,5.45 € / KG
Encornet en anneaux saumurés décongelés,encornet-en-anneaux-saumures-decongeles,Viandes et Poissons,OCEAN PACIFIQUE,7.75 € / KG
"Fruits de mer pinces de tourteau, crevettes, bulots",fruits-de-mer-pinces-de-tourteau-crevettes-bulots,Viandes et Poissons,FRANCE,22.21 € / KG
Huîtres creuses de Cancale N°3 FILIERE QUALITE CARREFOUR,huitres-creuses-de-cancale-n03-filiere-qualite-carrefour,Viandes et Poissons,FRANCE,7.99 € / KG
Huitres de Bouzigues CARREFOUR LE MARCHE,huitres-de-bouzigues-carrefour-le-marche,Viandes et Poissons,FRANCE,8.66 € / KG
Moules de bouchot CARREFOUR,moules-de-bouchot-carrefour,Viandes et Poissons,FRANCE,5.56 € / KG
Moules de corde FILIERE QUALITE CARREFOUR,moules-de-corde-filiere-qualite-carrefour,Viandes et Poissons,ZONES DE CAPTURE MAREE (DIVERS),5.71 € / KG
Moules  de bouchot FILIERE QUALITE CARREFOUR,moules-de-bouchot-filiere-qualite-carrefour,Viandes et Poissons,FRANCE,5.71 € / KG
Moules de corde FILIERE QUALITE CARREFOUR,moules-de-corde-filiere-qualite-carrefour,Viandes et Poissons,ZONES DE CAPTURE MAREE (DIVERS),5.71 € / KG
Moules de Bouchot de Saint Brieuc FILIERE QUALITE CARREFOUR,moules-de-bouchot-de-saint-brieuc-filiere-qualite-carrefour,Viandes et Poissons,ZONES DE CAPTURE MAREE (DIVERS),6.42 € / KG
Moules de Bouchot Mont-St-Michel AOP FILIERE QUALITE CARREFOUR,moules-de-bouchot-mont-st-michel-aop-filiere-qualite-carrefour,Viandes et Poissons,ZONES DE CAPTURE MAREE (DIVERS),7.14 € / KG
Moules à l'ail et persil CARREFOUR LE MARCHE,moules-a-l-ail-et-persil-carrefour-le-marche,Viandes et Poissons,FRANCE,25.36 € / KG
Moules de corde Espagne  SIMPL,moules-de-corde-espagne-simpl,Viandes et Poissons,ESPAGNE,3.92 € / KG
Moules de Hollande MSC,moules-de-hollande-msc,Viandes et Poissons,PAYS-BAS,4.00 € / KG
Moules de Bouchot IGP,moules-de-bouchot-igp,Viandes et Poissons,FRANCE,5.50 € / KG
"Moules au beurre, ail, persil PECHERIES SETOISES",moules-au-beurre-ail-persil-pecheries-setoises,Viandes et Poissons,,9.48 € / KG
Moules à la marinière PECHERIES SETOISES,moules-a-la-mariniere-pecheries-setoises,Viandes et Poissons,,9.58 € / KG
Moules cuisinées à la crème d'Isigny AOP,moules-cuisinees-a-la-creme-d-isigny-aop,Viandes et Poissons,ATLANTIQUE NORD EST,10.82 € / KG
Noix de pétoncle,noix-de-petoncle,Viandes et Poissons,ATLANTIQUE NORD EST,5.98 € / KG
Palourdes vivantes,palourdes-vivantes,Viandes et Poissons,FRANCE,27.48 € / KG
Palourdes et amandes vivantes,palourdes-et-amandes-vivantes,Viandes et Poissons,FRANCE,15.98 € / KG
Palourdes et coques vivantes,palourdes-et-coques-vivantes,Viandes et Poissons,FRANCE,21.98 € / KG
Seiche entière nettoyée décongelée,seiche-entiere-nettoyee-decongelee,Viandes et Poissons,OCEAN PACIFIQUE,8.45 € / KG
Supions saumurés,supions-saumures,Viandes et Poissons,OCEAN PACIFIQUE,6.45 € / KG
Tentacules d'encornet saumurées,tentacules-d-encornet-saumurees,Viandes et Poissons,OCEAN PACIFIQUE,4.95 € / KG
Tentacules de pouple cuit,tentacules-de-pouple-cuit,Viandes et Poissons,MAROC,55.56 € / KG
Huîtres Marennes Oléron Calibre N°3 Bio IGP,huitres-marennes-oleron-calibre-n03-bio-igp,Viandes et Poissons,FRANCE,10.00 € / KG
Huîtres Marennes Oleron Bio N°4 CARREFOUR BIO,huitres-marennes-oleron-bio-n04-carrefour-bio,Viandes et Poissons,FRANCE,11.84 € / KG
Huîtres creuses Bio de Chausey N°3,huitres-creuses-bio-de-chausey-n03,Viandes et Poissons,FRANCE,10.00 € / KG
Huîtres fines de claires Marennes Oléron N°3 FILIERE QUALITE CARREFOUR,huitres-fines-de-claires-marennes-oleron-n03-filiere-qualite-carrefour,Viandes et Poissons,FRANCE,9.50 € / KG
Huîtres fines de Claires Marennes Oléron IGP N°4 FILIERE QUALITE CARREFOUR,huitres-fines-de-claires-marennes-oleron-igp-n04-filiere-qualite-carrefour,Viandes et Poissons,FRANCE,7.66 € / KG
Huîtres creuses de Cancale N°4 FILIERE QUALITE CARREFOUR,huitres-creuses-de-cancale-n04-filiere-qualite-carrefour,Viandes et Poissons,FRANCE,7.66 € / KG
Huîtres Normandie Ouest N°4 IGP FILIERE QUALITE CARREFOUR,huitres-normandie-ouest-n04-igp-filiere-qualite-carrefour,Viandes et Poissons,FRANCE,7.66 € / KG
Huîtres de Bouzigues Bassin de Thau N°3  FILIERE QUALITE CARREFOUR,huitres-de-bouzigues-bassin-de-thau-n03-filiere-qualite-carrefour,Viandes et Poissons,ZONES DE CAPTURE MAREE (DIVERS),7.99 € / KG
Huîtres creuses de Bretagne N°3 FILIERE QUALITE CARREFOUR,huitres-creuses-de-bretagne-n03-filiere-qualite-carrefour,Viandes et Poissons,FRANCE,7.99 € / KG
Huîtres fines Normandie Ouest N°3 IGP FILIERE QUALITE CARREFOUR,huitres-fines-normandie-ouest-n03-igp-filiere-qualite-carrefour,Viandes et Poissons,FRANCE,8.00 € / KG
Huîtres Bouzigues Bassin de Thau N°3 FILIERE QUALITE CARREFOUR,huitres-bouzigues-bassin-de-thau-n03-filiere-qualite-carrefour,Viandes et Poissons,FRANCE,8.00 € / KG
Huîtres creuses de Bretagne N°3 FILIERE QUALITE CARREFOUR,huitres-creuses-de-bretagne-n03-filiere-qualite-carrefour,Viandes et Poissons,FRANCE,8.00 € / KG
Huîtres creuses de Cancale N°3 FILIERE QUALITE CARREFOUR,huitres-creuses-de-cancale-n03-filiere-qualite-carrefour,Viandes et Poissons,FRANCE,8.00 € / KG
Huîtres creuses de Bretagne N°3 FILIERE QUALITE CARREFOUR,huitres-creuses-de-bretagne-n03-filiere-qualite-carrefour,Viandes et Poissons,FRANCE,8.66 € / KG
Huîtres creuses de Cancale N°3 FILIERE QUALITE CARREFOUR,huitres-creuses-de-cancale-n03-filiere-qualite-carrefour,Viandes et Poissons,ZONES DE CAPTURE MAREE (DIVERS),8.66 € / KG
Huîtres Marennes Oléron IGP N°3 FILIERE QUALITE CARREFOUR,huitres-marennes-oleron-igp-n03-filiere-qualite-carrefour,Viandes et Poissons,FRANCE,8.66 € / KG
Huîtres fines  Normandie Ouest N°3 IGP FILIERE QUALITE CARREFOUR,huitres-fines-normandie-ouest-n03-igp-filiere-qualite-carrefour,Viandes et Poissons,FRANCE,8.66 € / KG
Huîtres de Bouzigues Bassin de Thau N°2 FILIERE QUALITE CARREFOUR,huitres-de-bouzigues-bassin-de-thau-n02-filiere-qualite-carrefour,Viandes et Poissons,FRANCE,8.80 € / KG
Huîtres fines Normandie Ouest N°2 IGP FILIERE QUALITE CARREFOUR,huitres-fines-normandie-ouest-n02-igp-filiere-qualite-carrefour,Viandes et Poissons,FRANCE,8.80 € / KG
Huîtres fines Marennes de Claires IGP N°2 FILIERE QUALITE CARREFOUR,huitres-fines-marennes-de-claires-igp-n02-filiere-qualite-carrefour,Viandes et Poissons,FRANCE,8.80 € / KG
Huîtres creuse de Bretagne N°2 FILIERE QUALITE CARREFOUR,huitres-creuse-de-bretagne-n02-filiere-qualite-carrefour,Viandes et Poissons,FRANCE,8.80 € / KG
Huîtres creuses de Cancale N°2 FILIERE QUALITE CARREFOUR,huitres-creuses-de-cancale-n02-filiere-qualite-carrefour,Viandes et Poissons,FRANCE,8.80 € / KG
Huîtres spéciales Normandie Est N°2 IGP FILIERE QUALITE CARREFOUR,huitres-speciales-normandie-est-n02-igp-filiere-qualite-carrefour,Viandes et Poissons,ZONES DE CAPTURE MAREE (DIVERS),9.20 € / KG
Huîtres spéciales de Claires Marennes Oléron IGP N°2 FILIERE QUALITE CARREFOUR,huitres-speciales-de-claires-marennes-oleron-igp-n02-filiere-qualite-carrefour,Viandes et Poissons,FRANCE,9.20 € / KG
Huîtres fines Normandie Ouest N°3 IGP FILIERE QUALITE CARREFOUR,huitres-fines-normandie-ouest-n03-igp-filiere-qualite-carrefour,Viandes et Poissons,FRANCE,9.99 € / KG
Huîtres de Claires Marennes Oléron IGP N°3 FILIERE QUALITE CARREFOUR,huitres-de-claires-marennes-oleron-igp-n03-filiere-qualite-carrefour,Viandes et Poissons,FRANCE,10.50 € / KG
Huîtres spéciales Normandie Est N°3 IGP FILIERE QUALITE CARREFOUR,huitres-speciales-normandie-est-n03-igp-filiere-qualite-carrefour,Viandes et Poissons,FRANCE,10.50 € / KG
Huîtres creuses de Bretagne N°3 ouverture facile  FILIERE QUALITE CARREFOUR,huitres-creuses-de-bretagne-n03-ouverture-facile-filiere-qualite-carrefour,Viandes et Poissons,FRANCE,12.50 € / KG
Huîtres fines Marennes de Claires IGP N°3 FILIERE QUALITE CARREFOUR,huitres-fines-marennes-de-claires-igp-n03-filiere-qualite-carrefour,Viandes et Poissons,FRANCE,12.50 € / KG
Huîtres creuses spéciales de Bretagne N°2 FILIERE QUALITE CARREFOUR,huitres-creuses-speciales-de-bretagne-n02-filiere-qualite-carrefour,Viandes et Poissons,ZONES DE CAPTURE MAREE (DIVERS),22.99 € / KG
Huîtres longues SIMPL,huitres-longues-simpl,Viandes et Poissons,FRANCE,5.50 € / KG
Huîtres fines et creuses N°3,huitres-fines-et-creuses-n03,Viandes et Poissons,FRANCE,8.00 € / KG
Huîtres Arcachon N°2,huitres-arcachon-n02,Viandes et Poissons,FRANCE,8.80 € / KG
Huîtres Marennes Oléron IGP N°2,huitres-marennes-oleron-igp-n02,Viandes et Poissons,FRANCE,8.80 € / KG
Huîtres fines de Claires Marennes IGP N°4 FILIERE QUALITE CARREFOUR,huitres-fines-de-claires-marennes-igp-n04-filiere-qualite-carrefour,Viandes et Poissons,FRANCE,8.96 € / KG
Huîtres d'Arcachon N°3,huitres-d-arcachon-n03,Viandes et Poissons,FRANCE,9.50 € / KG
Huîtres fines de Claires Marennes IGP N°3,huitres-fines-de-claires-marennes-igp-n03,Viandes et Poissons,FRANCE,9.50 € / KG
Huîtres Marennes Oléron IGP N°3,huitres-marennes-oleron-igp-n03,Viandes et Poissons,FRANCE,9.99 € / KG
Huîtres Fines de Claire Marennes N°2,huitres-fines-de-claire-marennes-n02,Viandes et Poissons,FRANCE,10.13 € / KG
Huîtres Marennes Oléron IGP N°4  FILIERE QUALITE CARREFOUR,huitres-marennes-oleron-igp-n04-filiere-qualite-carrefour,Viandes et Poissons,FRANCE,10.53 € / KG
Huîtres Marennes Oléron Label Rouge N°2,huitres-marennes-oleron-label-rouge-n02,Viandes et Poissons,ZONES DE CAPTURE MAREE (DIVERS),11.50 € / KG
Huîtres fines de Claires Marennes N°3 Label Rouge IGP,huitres-fines-de-claires-marennes-n03-label-rouge-igp,Viandes et Poissons,FRANCE,12.00 € / KG
Huîtres Fines de Claires Marennes Oléron Label Rouge N°3,huitres-fines-de-claires-marennes-oleron-label-rouge-n03,Viandes et Poissons,FRANCE,12.99 € / KG
Huîtres fines Utah Beach N°3 CULTIMER,huitres-fines-utah-beach-n03-cultimer,Viandes et Poissons,FRANCE,13.00 € / KG
Huîtres spéciales Victorine N°3,huitres-speciales-victorine-n03,Viandes et Poissons,ZONES DE CAPTURE MAREE (DIVERS),13.50 € / KG
Huîtres plates moyennes,huitres-plates-moyennes,Viandes et Poissons,FRANCE,15.14 € / KG
Huîtres Marennes Oléron IGP Label Rouge N°2 POUSSE EN CLAIRE,huitres-marennes-oleron-igp-label-rouge-n02-pousse-en-claire,Viandes et Poissons,ZONES DE CAPTURE MAREE (DIVERS),16.50 € / KG
Huîtres Marennes Oléron N°3 IGP Label Rouge POUSSE EN CLAIRE,huitres-marennes-oleron-n03-igp-label-rouge-pousse-en-claire,Viandes et Poissons,FRANCE,16.50 € / KG
Huîtres plates grosses,huitres-plates-grosses,Viandes et Poissons,FRANCE,21.10 € / KG
Huîtres plates très grosses,huitres-plates-tres-grosses,Viandes et Poissons,FRANCE,22.60 € / KG
